index,count,count_CCR,count_cys,shape_kid,shape_CCR,shape_cys,lumi_mean,lumi_std,lumi_max,lumi_min,lumi_mean_SE2_CCR,lumi_std_SE2_CCR,lumi_max_SE2_CCR,lumi_min_SE2_CCR,lumi_mean_SE2_cys,lumi_std_SE2_cys,lumi_max_SE2_cys,lumi_min_SE2_cys,lumi_mean_SE3_kid,lumi_std_SE3_kid,lumi_max_SE3_kid,lumi_min_SE3_kid,lumi_mean_SE3_CCR,lumi_std_SE3_CCR,lumi_max_SE3_CCR,lumi_min_SE3_CCR,lumi_mean_SE3_cys,lumi_std_SE3_cys,lumi_max_SE3_cys,lumi_min_SE3_cys
1,369526,,4787.0,72,0,36,166.59816088719063,97.78646380315632,381,-258,,,,,82.93377898475036,80.77560880645021,306.0,-61.0,134.41641,69.96701,243.51416,-124.34033000000001,,,,,87.34561,68.15233,212.21985,-55.954530000000005
2,336744,8872.0,4181.0,58,12,21,187.8554718124154,105.85232630955693,407,-431,193.33701532912534,52.3700615411681,357.0,-36.0,90.71681415929206,114.4710710011083,341.0,-321.0,145.61479,65.49413,262.03612999999996,-165.24071999999998,98.88103000000001,39.603252000000005,180.76941000000002,-80.496826,74.19063,81.933624,216.40295,-246.5896
3,297822,1092.0,,56,7,0,150.4933785952683,94.2481057437018,365,-145,207.46153846153842,76.55932953136721,322.0,-12.0,,,,,139.66228,71.14973,252.43835,-115.60242,139.3305,27.51215,192.0116,9.872314,,,,
4,308553,31025.0,3197.0,52,31,21,98.561760864422,64.8420747782354,404,-127,97.17608380338436,50.73501940008718,300.0,-93.0,38.088207694713795,74.52365490830068,198.0,-112.0,132.55695,67.019875,239.7992,-123.067444,92.61523000000001,41.627827,200.98998999999998,-112.8891,75.31113,82.33803,208.70215,-95.21423
5,395548,1847.0,955.0,57,11,25,112.89323419660823,81.39460025961628,421,-144,171.41364374661615,46.670694766210566,268.0,-21.0,72.7256544502618,78.99092744952482,229.0,-136.0,122.77741999999999,68.578224,238.73865,-127.56206999999999,126.77891499999998,34.245384,201.40198,-34.930786,78.132675,68.81515999999999,205.3949,-107.88396999999999
6,735948,335177.0,58.0,69,48,3,100.08308739204399,61.36488893459527,536,-288,82.20433382958855,32.918208674664946,325.0,-95.0,95.29310344827586,61.071469895493706,182.0,10.0,94.871765,52.003006,316.70007000000004,-216.04693999999998,68.68159,20.606043,204.98608000000002,-71.25647,61.427803000000004,35.691555,103.87988,-2.7610474
7,529050,,928.0,60,0,5,168.71991872223796,127.70093602000208,1047,-143,,,,,97.44288793103449,114.01425809325956,367.0,-97.0,149.13974,95.916534,1015.57715,-126.36901999999999,,,,,80.16525,78.51746,252.43298,-62.021972999999996
8,370647,22696.0,,61,20,0,133.06138994784794,80.72121952086769,342,-175,113.71928974268593,49.8909705666756,291.0,-61.0,,,,,125.99928,63.85985,268.41943,-139.33373999999998,93.31152,33.35109,190.90344,-67.90961,,,,
9,424470,1803.0,8347.0,56,9,22,87.58986265224868,60.00216194695764,501,-134,57.16472545757072,35.107315680292444,501.0,-12.0,37.12890858991254,28.50253161837863,163.0,-121.0,139.6473,67.502,335.51746,-112.31433,83.69062,27.75667,274.98267000000004,13.241333,46.34596,34.021865999999996,194.82983000000002,-87.372314
10,523632,8602.0,73798.0,61,18,55,113.62973042136463,92.34450741698835,426,-169,192.810857940014,67.30341206261029,346.0,-33.0,44.96512100598933,53.53344747346141,324.0,-152.0,117.36312,84.73340999999999,269.48400000000004,-130.31006000000002,166.32803,39.576168,263.0287,-35.23407,47.301975,52.59076999999999,251.94872999999998,-132.16248000000002
11,258030,22039.0,15520.0,57,19,36,106.64426617060032,73.09841401284484,308,-131,128.02014610463272,42.77677938162524,282.0,-47.0,9.963144329896908,18.970906439707026,182.0,-122.0,125.31212,68.8952,239.59521,-108.48047,108.87246999999999,32.007903999999996,226.31079,-38.978394,10.189162,15.380417000000001,160.11133,-100.70215
12,614652,292828.0,80.0,62,44,2,114.99173353377195,66.54195520408628,628,-171,106.54064502028494,55.38703399516355,628.0,-91.0,126.1,31.625780622776734,193.0,48.0,91.35743000000001,46.32917,513.46594,-102.43677,77.76954,27.293793,513.46594,-78.380615,144.96068,12.400644,169.31445,112.4718
13,381387,14804.0,447.0,54,21,8,118.56377118255209,62.83871157982481,326,-350,123.09105647122401,45.6001835499785,262.0,-68.0,112.69127516778522,43.381286390429786,201.0,32.0,152.81804,61.512154,296.3694,-200.64928999999998,101.55159,34.15762,202.64075,-86.48633000000001,190.50813,23.42991,250.2749,141.00903
14,449899,8859.0,69930.0,67,13,41,79.03658154385762,67.79568356739566,265,-152,72.98803476690371,35.527296790108764,197.0,-73.0,9.841555841555842,37.42156608758335,282.0,-146.0,109.47176999999999,76.68089,234.88696000000002,-123.753174,84.26332,41.680347,197.43433000000002,-56.842833999999996,13.172277,38.65334,202.27063,-125.071045
15,324863,4765.0,5007.0,48,13,15,116.85918371744397,87.17475758981138,373,-172,155.80272822665268,65.64382024466079,300.0,-62.0,74.62432594367884,77.64147727104404,284.0,-43.0,112.4033,70.88812,252.15784,-122.627625,105.32356999999999,40.452263,187.5747,-96.466675,63.78278,59.136204000000006,197.31311000000002,-50.330566
16,538923,8671.0,,127,23,0,99.61123203129203,73.92316044795959,1501,-222,51.657478952831276,31.404119826387557,195.0,-79.0,,,,,181.84177,89.161934,1330.3379,-177.40424,84.70779,42.764973,272.73547,-78.462036,,,,
17,445454,13703.0,43.0,67,15,5,94.06236109676868,64.39822652547845,299,-138,128.7488871050135,43.29632846687858,232.0,-95.0,64.20930232558139,82.23210433422085,159.0,-89.0,82.83258000000001,50.966152,158.08801,-116.829834,103.33205,29.2041,152.474,-91.089355,44.855,63.305893000000005,131.51587,-75.93878000000001
18,286346,8626.0,68.0,53,13,1,109.52415609088304,53.12117379596335,309,-361,89.81660097380012,42.559231461076095,232.0,-40.0,50.63235294117647,25.578543634532203,129.0,0.0,181.15,55.580234999999995,306.42847,-214.58832,102.633606,48.183826,231.5636,-37.14569,160.02467,49.142006,232.53063999999998,64.37536999999999
19,270279,5632.0,36.0,54,10,5,134.97558078874053,88.66668567027746,416,-145,91.3075284090909,53.83738496646733,266.0,-115.0,224.25,25.459526704163213,255.0,139.0,121.57384499999999,67.588776,231.18542000000002,-134.32312,71.33515,43.470566,197.64185,-86.40405,165.40031000000002,19.157618,199.94568,111.50133999999998
21,315826,1831.0,,50,8,0,140.29187590635348,81.3494171302696,394,-127,206.200436919716,57.85407658803212,300.0,-82.0,,,,,165.71632,67.54305,299.15747000000005,-115.329895,135.4415,41.950759999999995,224.80566000000002,-70.61010999999999,,,,
22,427524,15074.0,,69,21,0,68.79447235710744,59.00705602991421,326,-152,89.09247711290966,48.397335143770896,232.0,-131.0,,,,,92.48985,58.048469999999995,206.85193,-140.67743000000002,75.449265,31.824965000000002,183.47388,-104.09943,,,,
23,836671,,11096.0,95,0,15,128.6550543762124,125.12508657058693,606,-166,,,,,-19.553352559480892,51.9191321992939,355.0,-148.0,116.07345600000001,90.91544,310.62523999999996,-134.18463,,,,,-15.197369,44.430653,227.61877,-115.32495
24,389116,,1843.0,59,0,16,129.92310519228198,82.21317230646176,379,-132,,,,,50.505697232772654,67.4442785228579,265.0,-106.0,134.85541,61.80716999999999,231.86853,-117.58953999999999,,,,,61.24644,67.15741,204.44885,-86.228516
25,491407,84357.0,,62,27,0,92.11348027195379,66.91777940080914,320,-151,70.677193356805,50.44657883891708,256.0,-123.0,,,,,109.84126,64.71694000000001,256.5017,-131.90253,71.872,36.738255,182.82825,-99.756165,,,,
26,329735,,42871.0,68,0,23,79.40930747418382,58.1312024220119,268,-236,,,,,12.550232091623707,11.172430528694985,120.0,-65.0,104.29195,61.203590000000005,214.09521,-314.0655,,,,,13.925296,11.965003,128.40186,-53.596252
28,347469,17345.0,,52,14,0,104.44297189101763,64.00608009195695,341,-146,109.47206687806283,51.474957999323685,274.0,-107.0,,,,,157.41173,65.22694,280.45227,-113.75781,106.40987,35.82227,253.08752,-92.38452,,,,
29,436753,40828.0,,62,23,0,102.42908005211183,52.447043020649566,320,-328,104.70921916331928,48.645890848370115,256.0,-80.0,,,,,128.70338,43.92641,237.49585,-293.20984,90.270546,27.699171000000003,173.08264,-56.357117,,,,
30,589626,234937.0,95533.0,65,43,43,76.72929958990953,62.5092817300399,680,-146,95.61794012863022,57.4056465836455,680.0,-92.0,8.933625030094312,24.93587016505009,241.0,-131.0,89.909485,61.895331999999996,522.3463,-129.51855,93.80128,41.382465,522.3463,-82.07257,10.710169,24.390401999999998,201.49036,-124.90875
31,703174,365868.0,9501.0,86,64,13,60.87202456291046,46.71196750174365,325,-184,50.92017612909574,32.123539681961645,325.0,-114.0,0.3536469845279444,31.968882463529273,175.0,-129.0,92.25716,59.385025,256.3352,-429.41815,64.75577,32.78461,238.8689,-97.28064,6.308681,35.40869,198.49695,-109.8313
32,510077,128803.0,,62,34,0,119.23361374851248,64.42484145501552,378,-151,119.4153629962035,73.29303594867746,362.0,-128.0,,,,,129.65367,55.92646800000001,233.08081,-131.6549,99.109985,47.5701,205.4519,-119.6109,,,,
33,346307,2495.0,,56,11,0,101.82845567661064,63.83586231262592,362,-148,79.0120240480962,31.751651775811723,179.0,-48.0,,,,,170.51129,71.19923,294.1405,-292.98517000000004,100.97706,41.939037,225.1399,-49.456482,,,,
34,1039880,247135.0,,96,56,0,90.69043254990959,52.475395289920435,312,-144,60.365213344932926,34.07666501620674,283.0,-113.0,,,,,107.67818999999999,47.232525,224.67346,-112.456055,66.68987,25.905174,162.10522,-87.116516,,,,
35,529584,,171.0,90,0,5,106.93234501042328,58.30083075763422,1112,-140,,,,,68.73099415204679,50.46807952615639,178.0,-9.0,156.62791,51.642593,673.93445,-126.84783999999999,,,,,115.342606,52.80293,184.28601,10.178223
36,342846,,318.0,71,0,3,145.80602952929303,115.60039628546689,361,-164,,,,,60.83647798742138,73.83977846115812,296.0,-91.0,122.13752,75.8717,257.4713,-132.64722,,,,,39.51923,52.096911999999996,166.42273,-88.691956
37,365767,4566.0,16.0,87,12,3,101.0875694089407,56.85472798160741,345,-337,86.02014892685064,29.81120381000341,179.0,-102.0,113.5,14.370107863199914,143.0,86.0,140.66849,48.519546999999996,235.68945,-296.3058,125.57927,21.24775,195.5951,20.29309,159.3562,17.494242,179.7157,120.08483999999999
38,492493,43810.0,,76,29,0,112.13174806545473,69.15379846512897,363,-162,128.38404473864415,45.615938221655256,306.0,-56.0,,,,,123.510994,58.80693,251.40283,-134.34015,90.88332,26.344303000000004,188.73486,-29.55658,,,,
39,434513,42137.0,198.0,72,20,3,128.39829648364952,65.55735409776547,293,-363,125.34693974416784,61.69850742786417,276.0,-57.0,150.0909090909091,53.03612089298739,229.0,40.0,134.87999,42.64158,201.99487,-248.77832,114.53053,33.4044,184.97974,-50.789609999999996,162.42108000000002,17.658382,194.26953,114.48620600000001
40,503748,119081.0,236.0,67,46,4,77.6069602261448,32.329636743766216,225,-777,79.49373955542866,31.652900777300964,225.0,-95.0,25.1228813559322,19.585042333965266,88.0,-7.0,101.33079000000001,38.324944,203.46875,-738.0964,72.53492,19.200537,160.58765,-69.97089,54.622344999999996,32.370495,154.78528,3.067627
41,457291,91198.0,,86,37,0,74.78404342092891,52.788321714215314,326,-157,77.07031952455098,44.18930387643379,241.0,-121.0,,,,,98.62614,54.253014,217.69165,-136.76793999999998,66.190735,28.662155,162.32385,-106.93866000000001,,,,
44,473075,119507.0,,61,40,0,159.07068858003487,90.18781702773191,372,-168,159.04897621059854,57.23971144328998,372.0,-79.0,,,,,110.18568400000001,60.304283,248.84521,-249.1048,89.93800999999999,24.349577,193.27527,-77.81195,,,,
45,489604,68063.0,290.0,78,28,7,177.13897762273186,96.23714795202345,376,-175,198.3690698323612,62.31147090638813,360.0,-120.0,144.7,81.15704019007713,300.0,-33.0,154.39473,66.7099,263.95178,-135.10565,139.06384,34.085426,232.65356,-80.73193,157.33601000000002,43.360867,250.85669,40.59485
46,425192,48616.0,,64,23,0,124.84672571450076,88.00683758057785,306,-223,125.10083100213923,44.517187517850864,258.0,-101.0,,,,,128.43056,74.169685,262.03857,-127.42981,93.922905,28.181746,194.53735,-79.86377,,,,
47,547062,177968.0,58689.0,53,37,38,89.55697343262739,88.2220909174463,403,-225,130.327025083161,67.89549027168316,369.0,-102.0,11.930787711496194,22.32717017214514,227.0,-127.0,72.58874,64.89186,216.52405,-230.54308999999998,89.04603,36.700996,215.39612000000002,-81.417114,11.780151,17.282564,172.86365,-104.63318000000001
51,387969,73960.0,,56,30,0,128.587912951808,91.21920125603313,388,-147,52.1191590048675,29.46379580099687,324.0,-80.0,,,,,128.47281999999998,75.90541999999999,358.90198,-123.55408,52.422737,27.199718,219.51538,-92.14349,,,,
53,363764,4088.0,140.0,54,10,8,156.3215683794988,92.91652576901815,366,-529,189.2037671232877,47.92668401426603,298.0,0.0,166.64285714285714,64.06827512545519,272.0,21.0,156.54655,77.94206,294.10486000000003,-485.45807,171.2987,26.980652000000003,242.98816000000002,-2.2754517000000005,171.27522,61.285015,231.07031,-62.360535
55,411066,7711.0,3975.0,65,13,19,182.77914982022355,95.12369069276451,347,-137,125.46284528595513,59.54532814285961,297.0,-86.0,56.23094339622642,69.9715917089201,303.0,-81.0,155.14496,74.90993,307.75476000000003,-118.30578600000001,117.70378000000001,46.77635,289.7567,-54.318604,56.352516,62.75830500000001,256.4463,-56.08923299999999
57,384900,94593.0,,62,41,0,103.12602753962068,70.76547793510629,483,-229,99.51101032845982,36.910350135833454,280.0,-999.0,,,,,97.22584499999999,56.470375,439.61584000000005,-212.4284,92.13656,32.700447,437.89232999999996,-999.674,,,,
58,498811,177274.0,,52,29,0,144.8894250527755,106.25385842724285,722,-367,63.273734444983475,65.89107314938475,722.0,-87.0,,,,,120.949875,79.56361,655.8993,-150.66235,52.0431,44.100178,655.8993,-85.91962,,,,
60,716493,260361.0,,70,51,0,113.26723638611959,70.93496315407388,361,-128,111.24049684860636,62.51816870740729,361.0,-114.0,,,,,100.35866999999999,48.73105,197.41418000000002,-120.1427,89.7397,31.836437,189.63977,-101.58411,,,,
61,741051,8656.0,331534.0,78,16,52,63.67501831857727,92.64949257081508,638,-161,77.27934380776341,40.53292537093503,181.0,-117.0,-5.773848232760441,37.87062777546378,304.0,-166.0,64.671234,86.81613,400.75427,-135.96844,71.64509,34.058834000000004,134.32811999999998,-107.93011499999999,-5.8872089999999995,33.625927000000004,226.8573,-149.40094
62,279766,4613.0,200.0,53,9,14,134.64997533653124,96.66366604086241,327,-165,176.9449382180793,63.4113161603838,276.0,-61.0,219.01,64.0498235750888,302.0,-94.0,141.7089,89.18661,311.32678,-145.643,118.44003000000001,49.773823,206.00537,-103.45508000000001,172.30872,22.198616,252.67139,70.738525
63,344281,9635.0,174.0,69,12,6,103.48668093795477,63.385346292708356,335,-134,146.75609756097558,47.08432831568384,268.0,-90.0,52.83333333333334,69.45246313857649,168.0,-79.0,139.58891,62.35886,238.70812999999998,-105.821655,125.72057,34.854557,200.0387,-65.76965,59.49706,74.924065,195.21326000000002,-63.332703
64,879917,547839.0,297.0,76,54,11,84.08847652676332,47.25778177447116,574,-795,72.35684023955945,38.194485159941664,375.0,-522.0,46.66666666666666,37.830207230790826,149.0,-28.0,81.15741,40.663948,508.60582999999997,-719.6724,66.27736,28.010239000000002,363.13916,-453.22125,51.789806,35.9944,144.24243,-14.376709
65,406813,24064.0,24628.0,54,19,28,105.880598702598,75.9685213426004,452,-174,162.87329621010642,55.86491437909072,325.0,-61.0,14.986681825564398,25.909165637714075,231.0,-111.0,121.02548999999999,68.81353,242.65308,-122.05011,119.75666000000001,28.998317999999998,215.05945,-37.79242,16.365408,26.416967,207.75879,-76.89905
66,550214,109083.0,41464.0,71,43,57,97.05710868861935,86.51252050702392,440,-134,22.059303466167965,35.117455708547496,275.0,-145.0,66.31608142002703,71.5002565936681,283.0,-126.0,81.1384,69.12371,394.73035,-214.07117000000002,17.625359,29.051628000000004,201.44201999999999,-336.68915,79.34595999999999,64.32126,210.32092000000003,-118.894775
67,464738,27584.0,10813.0,60,23,26,100.82113147622962,81.11304873327414,350,-149,55.94649071925753,35.98364371898929,315.0,-100.0,20.773605844816426,39.05087039728495,229.0,-130.0,108.81322,75.539,752.6139999999999,-133.01538,55.82479,26.848894,172.31714,-79.01037600000001,26.529358000000002,42.831657,192.74182,-122.004456
68,438974,1964.0,5105.0,68,8,33,157.9452177122107,83.46138533247577,457,-169,131.5427698574338,49.64834283948164,280.0,-27.0,108.46601371204703,95.42778815872046,350.0,-94.0,152.92018000000002,56.775845,382.00464,-160.69928000000002,112.4751,36.764763,208.93126999999998,-35.861940000000004,96.90723,79.55989,237.33105,-94.68945
69,382154,4125.0,35.0,49,9,3,179.08617468350457,82.15785004218193,360,-152,140.92242424242426,52.56349505412353,283.0,-16.0,83.17142857142858,63.200129165458286,248.0,-14.0,141.28484,56.753952000000005,262.687,-665.7284,114.46133,41.906807,219.6466,-71.92633000000001,50.24872,34.177128,146.66553000000002,-6.176697
71,557505,94855.0,,65,44,0,85.38751580703313,50.966134339022254,360,-136,91.24087291128565,54.4814846579189,245.0,-999.0,,,,,88.719574,45.09843,252.99877999999998,-245.56274,74.482925,46.639538,148.30053999999998,-999.9246,,,,
72,305151,10812.0,,60,15,0,112.41761947363764,88.14915053370913,330,-163,132.32519422863484,55.7788185752875,307.0,-95.0,,,,,96.64806,70.05409,270.3861,-145.40094,85.04564,34.80064,180.45276,-87.12268,,,,
73,684739,248935.0,70128.0,74,42,64,112.32105955699907,86.47196233584766,403,-143,141.50078936268503,72.46774116481181,379.0,-999.0,42.968771389459285,75.95130683349501,382.0,-139.0,92.48609,63.551308,420.98193,-125.582825,104.21817,39.913754,207.56592,-999.8879,33.47298,57.47682,209.28099999999998,-114.57128999999999
74,169501,8165.0,19887.0,49,14,35,33.79919882478569,39.96188128979578,192,-128,61.9322718922229,44.40588490699295,192.0,-96.0,10.873937748277768,22.974815696316853,150.0,-113.0,57.30678,46.566759999999995,149.43103,-109.35248,56.24083,35.172527,125.35656999999999,-81.08313000000001,13.417315499999999,21.143097,133.20311999999998,-89.32587
76,562596,271823.0,110.0,60,83,3,83.36897525044614,84.79188467379839,351,-155,30.965952108541217,27.127030277660705,280.0,-129.0,127.19090909090907,53.278768661471936,260.0,66.0,87.32091,77.76727,281.82653999999997,-145.6576,32.510834,24.840135999999998,206.13428000000002,-109.7428,208.72316,13.289418,233.34717,179.19873
77,537553,5575.0,,68,10,0,93.15823369974682,78.01591282187813,1178,-160,83.64735426008968,43.7935816467264,208.0,-78.0,,,,,92.619316,70.2316,1122.2229,-141.62524,65.24305,35.90323,161.7948,-72.7168,,,,
78,510413,133354.0,746.0,87,85,11,80.1644609365357,73.59638896057261,432,-184,31.466697661862412,29.444054186230865,231.0,-146.0,57.786863270777474,41.12553708605754,179.0,-58.0,90.97466999999999,73.76848000000001,373.72058,-160.80938999999998,36.915596,28.801417999999998,212.4458,-115.2077,87.244316,43.883915,202.36792,-17.652344
79,504777,176521.0,5007.0,60,39,27,105.56787056462557,76.96080476435148,317,-172,121.52031769591152,57.63409499615501,317.0,-131.0,66.89874176153386,72.80431084534683,267.0,-121.0,91.477356,60.01396,222.78247000000002,-130.50525,94.671844,34.66196,188.26038,-117.62091000000001,68.21431,60.796524,194.83483999999999,-102.81384
82,321920,49332.0,3252.0,57,26,20,141.30510064612326,95.72702547291418,443,-184,79.19524852023028,66.74178185873778,890.0,-151.0,46.39268142681427,75.40573635732082,313.0,-132.0,133.96243,77.55675500000001,286.84314,-148.79865,72.13634,46.945133,795.3323,-108.93225,48.255966,60.33741800000001,229.46178999999998,-106.78772
83,535339,43839.0,,61,22,0,132.13282051186258,75.83573560262144,332,-468,127.9339857204772,61.7512784995516,332.0,-80.0,,,,,117.53865,59.58235500000001,250.53076000000001,-399.13287,85.9179,36.891999999999996,189.38232,-107.89447,,,,
86,637494,195566.0,,64,40,0,77.87149839841629,59.411776568550145,606,-126,97.21756849350092,61.03024884378208,606.0,-999.0,,,,,83.55344000000001,100.4216,1375.3110000000001,-122.362854,75.14081,57.681137,867.0001,-999.58136,,,,
88,367663,31099.0,,56,25,0,143.24844762731087,78.29838220023876,365,-108,130.77623074696936,59.50061960646384,348.0,-52.0,,,,,134.8162,58.7741,241.52808,-84.57135,108.30806000000001,32.77729,204.07117,-22.28894,,,,
90,346595,6026.0,,55,12,0,141.83181523103337,102.53506406808188,341,-149,229.28559575174245,52.78620954353502,314.0,-50.0,,,,,117.46603400000001,77.85995,255.67896000000002,-112.65735,120.60673,22.572165,180.39465,-37.072815000000006,,,,
93,337724,17292.0,343.0,51,17,14,158.93853856995653,104.28428949573359,493,-142,235.68100855887118,51.01052993217022,388.0,-52.0,53.63848396501458,66.24464711334059,249.0,-84.0,153.73685,81.29611,280.71375,-234.44817999999998,127.08734,29.191069,249.87036,-78.16821,54.348152,66.403725,228.62817,-94.34039
94,442838,15971.0,2224.0,59,23,20,98.78718854298864,60.9981764778679,832,-147,102.23561455137435,37.10716211644064,572.0,-52.0,38.82868705035971,39.65758186469896,200.0,-80.0,137.2799,60.721928000000005,613.5521,-138.52588,108.27311,26.731749,603.74255,-52.48980699999999,55.569286,48.62225,196.6001,-58.157837
95,413974,5118.0,50.0,66,14,3,148.9175189746216,81.16462537670793,356,-123,142.59241891363814,37.99604519087866,613.0,-19.0,167.44,64.62171771161766,257.0,67.0,130.63045,55.010630000000006,395.20996,-97.67383000000001,120.08895,15.815688,426.3098,-2.3396605999999998,165.15033,10.927394999999999,190.91736,147.87816999999998
96,180731,517.0,,55,4,0,133.31009622034958,103.36440020439495,343,-160,126.46421663442939,49.96239568522352,229.0,-93.0,,,,,123.50211000000002,83.7774,263.63135,-145.07208,87.2016,37.245907,171.71483999999998,-56.082825,,,,
97,357133,7281.0,255.0,52,12,7,171.79846723769575,103.53092922068231,355,-150,135.38703474797418,34.35147059360695,295.0,-84.0,72.4235294117647,46.06543763393546,253.0,-16.0,142.20143000000002,79.6923,284.44214,-145.46344,107.62186000000001,27.03605,215.12146,-75.754395,88.97816999999999,44.084896,195.46399,16.729858
98,398523,89820.0,45946.0,61,28,53,94.03485118801173,69.05622485897085,486,-122,73.93040525495435,37.980204380368136,411.0,-73.0,31.13888042484656,41.768560020547426,293.0,-116.0,89.66889,56.948788,475.32665999999995,-120.32391000000001,72.02973,29.84471,378.94275,-77.04254,31.546074,38.275074,186.75879,-97.131165
101,282613,61172.0,14593.0,46,32,19,112.20652623906192,78.02015494867175,330,-168,128.36340155626758,56.20697277375986,330.0,-112.0,12.072157883916946,52.243712905166596,245.0,-145.0,96.35672,64.83525,223.62231,-141.12506000000002,81.880875,36.96161,203.06677,-103.127686,9.778305,44.56257,197.10913,-126.9939
102,373497,59772.0,63.0,56,27,2,175.6711165016051,101.3155007352594,351,-126,141.9027303754266,74.37833371828252,351.0,-79.0,262.3015873015873,13.605128492226653,288.0,230.0,144.49315,72.68423,264.26416,-107.247925,90.92681,33.179363,192.19177,-77.87744,178.2045,6.693417,190.09436000000002,158.48303
103,431205,6215.0,540.0,61,10,14,148.13622522929933,87.52656189070166,309,-155,124.11230893000806,100.91341294419763,278.0,-999.0,32.833333333333336,125.82927145762051,253.0,-155.0,133.30302,71.81565,296.5193,-131.73206000000002,83.278564,111.36368600000002,213.6012,-999.9867,40.03118,127.33033999999999,231.75879,-112.24213
104,426320,54956.0,118.0,55,21,4,136.0426956276975,80.90564233280048,319,-112,102.97925613217846,64.20577588644281,281.0,-101.0,75.0677966101695,63.95943216556636,217.0,-105.0,132.49376999999998,64.36679000000001,900.4472699999999,-108.29083,84.487236,34.364906,162.28125,-72.520935,151.23207,68.59691,214.90637,-80.51819
105,383850,46398.0,,55,18,0,146.29994008076068,71.22819431763845,1717,-120,149.98303806198544,48.78714191237444,303.0,-103.0,,,,,135.72913,55.419734999999996,1205.5588,-98.08825999999999,109.36501000000001,30.319315000000003,209.25171,-69.23053,,,,
107,326113,8082.0,,52,13,0,188.36581185049354,126.17389746374106,411,-143,65.33964365256125,43.43475179759405,239.0,-141.0,,,,,149.89163,89.93791,307.76257000000004,-126.51233,38.787758000000004,39.384827,196.07593,-120.94806000000001,,,,
109,247334,29038.0,,60,21,0,87.68760461562097,66.91187623963924,305,-137,83.98278118327708,38.747145133040014,249.0,-91.0,,,,,99.299965,60.974598,213.60596,-122.15051000000001,127.91788500000001,37.641415,213.60596,-71.52844,,,,
112,457739,44579.0,,62,23,0,127.50552825955404,73.33253032873344,375,-151,104.52515758541016,47.10409740339399,279.0,-110.0,,,,,128.73692,61.025475,353.45935,-135.83954,87.90111999999999,30.826690000000003,201.9386,-117.31341599999999,,,,
113,411489,5239.0,33614.0,65,12,43,149.16800206080842,95.1080011238,341,-160,135.10517274288986,46.3233468379321,233.0,-86.0,23.746772178259054,56.50586404129375,346.0,-244.0,151.27989,84.57706999999999,334.21204,-143.11444,127.0617,36.71714,216.94495,-68.47912600000001,24.687276999999998,49.060559999999995,254.56432999999998,-90.32403599999999
115,1082267,656521.0,,74,67,0,123.579677658101,76.63733151854666,437,-712,102.68641368669093,62.74380473137005,447.0,-98.0,,,,,114.68420400000001,57.570915,380.93555,-612.7197,94.753426,45.247917,389.0619,-83.44915999999999,,,,
117,1340236,938840.0,1186.0,72,68,16,72.03814999746314,44.29383605433643,2735,-360,56.632610455455676,37.34493861215136,644.0,-986.0,51.16779089376054,44.70504430354861,181.0,-40.0,65.42755,30.363204999999997,2065.0757,-324.75323,54.538776,30.268448,482.1427,-975.0648,51.183037,29.337933000000003,129.08618,-1.2652588
118,601638,10632.0,220840.0,73,12,74,97.67982075600278,112.56126616158654,477,-134,149.28658765989462,84.5010161110274,477.0,-86.0,16.56692628147075,71.91015410056795,487.0,-149.0,100.93258,106.30336000000001,296.42053,-120.50903000000001,119.58629599999999,49.112797,240.50683999999998,-82.49042,16.312445,63.40395,292.7185,-124.01788
119,417529,96392.0,,52,27,0,102.18732112020962,69.59230234245672,286,-185,71.82183168727695,39.80008112507863,250.0,-132.0,,,,,93.891075,54.14411,228.125,-128.96759,62.959137,26.915474,163.13013,-108.40258999999999,,,,
121,590766,159229.0,,75,46,0,117.01541388637804,66.68269990710375,276,-152,117.32843891502176,52.00172357935834,272.0,-89.0,,,,,127.10193000000001,61.22826800000001,238.04613999999998,-155.98676,110.95461,36.069893,204.49329,-72.33496,,,,
122,679953,7791.0,214.0,55,12,9,133.12370413837428,74.96004072009785,646,-177,158.20664869721475,49.4304764856245,260.0,-142.0,75.69626168224299,58.5552401946169,231.0,-5.0,135.6686,62.090687,587.7771,-166.00555,121.89853000000001,30.896645,225.37572999999998,-102.81317,137.29611,31.209475,228.06079,74.431885
123,365289,14879.0,,58,15,0,150.02707992849497,85.04422562207439,778,-132,102.50057127495128,56.69452194121252,265.0,-88.0,,,,,146.22298999999998,67.77494,641.0066,-126.98358,82.414215,37.497955,196.24268,-92.39135999999999,,,,
124,257499,699.0,,43,4,0,158.45036291403073,93.074330023369,645,-155,131.47067238912732,47.50718865540121,272.0,-37.0,,,,,162.75183,77.22816,579.14575,-120.08301000000002,142.31946000000002,45.704456,230.89404,-28.162841999999998,,,,
125,391362,7179.0,9367.0,67,11,16,129.4759659854559,74.17609762817601,320,-269,55.52792868087478,30.240580482850397,251.0,-52.0,39.597843493114134,36.6240469534584,211.0,-27.0,140.83955,65.9931,262.9397,-226.84942999999998,59.929522999999996,27.83383,206.38562,-58.710327,48.193913,45.467827,204.20862,-16.592102
126,581488,6639.0,,59,12,0,129.0521455300883,95.65133294609578,419,-185,41.610634131646336,52.8022803365614,246.0,-117.0,,,,,145.43001999999998,81.4425,297.23584,-165.00427,50.748394,50.03413,200.86682,-114.39307,,,,
127,341765,637.0,,71,5,0,114.90911006100686,57.90747422809051,2505,-329,128.76766091051806,33.938295051177505,210.0,40.0,,,,,156.29945,56.802326,1879.2354,-265.95482999999996,161.01965,11.982380000000001,190.63037,102.32117,,,,
130,481039,187320.0,2222.0,51,36,9,123.98667259827164,85.45129461643741,376,-252,143.3844117019005,56.63923077280981,376.0,-70.0,39.06030603060306,36.022931983796454,231.0,-40.0,100.36999,64.57858,215.6814,-219.93225,93.14603000000001,25.234009,190.03699,-78.83301,45.091232,37.625164,170.5686,-19.326477
134,441912,46960.0,,56,22,0,146.64244691250747,88.71185845331303,353,-228,159.95198040885862,76.46465578447415,353.0,-118.0,,,,,118.65683,66.30131,300.76599999999996,-173.18066000000002,100.34813,37.98305,210.72118999999998,-101.93829000000001,,,,
135,353302,5262.0,6704.0,60,11,39,138.6894951061698,96.78732643973528,396,-135,156.9804256936526,49.59065615849457,276.0,-84.0,48.80176014319809,60.44439832825425,303.0,-104.0,139.23358000000002,72.81933599999999,263.90222,-121.78998,126.72805,32.834297,207.83948,-62.349915,53.43213000000001,54.47635699999999,241.53406,-88.67554
136,1855627,1410687.0,175.0,97,92,6,66.74006252334117,42.703354751013066,587,-569,60.634713441039715,41.43614511089536,309.0,-92.0,42.51428571428571,25.24007180040889,126.0,-21.0,71.86910999999999,38.40767,547.0802,-361.35297,61.335834999999996,32.735596,273.50305,-165.18854,44.09945,26.981372999999998,126.92175,-52.462097
138,315781,114739.0,225.0,48,25,4,130.388573093378,64.65079459395653,343,-872,126.73946957878314,62.40469053676465,292.0,-80.0,112.44444444444444,62.488596490543976,231.0,-31.0,115.27578000000001,46.73905,275.06335,-913.3898300000001,96.60193000000001,33.43428,189.39587,-94.6134,92.34465,45.810196000000005,201.27588,-3.2995605
140,609010,10260.0,,54,11,0,144.73281719511994,89.80028639497387,369,-187,43.143664717348926,45.58670833075573,217.0,-127.0,,,,,160.40549,77.16899000000001,376.67908,-790.8959,40.05593,57.20041,210.13867000000002,-148.23993000000002,,,,
142,393284,34120.0,693.0,62,21,9,160.97231517173338,100.15839893035387,391,-138,100.4798065650645,64.76399396745653,305.0,-102.0,89.87012987012987,60.78792780592543,357.0,-54.0,158.4314,77.05533,367.42126,-127.04126000000001,101.62498000000001,38.781834,198.12524,-100.213684,139.87437,68.053375,367.42126,-61.873474
145,563086,304704.0,1992.0,77,52,22,130.98876192979404,70.19676790733449,524,-182,134.7576828659945,66.49385149614325,667.0,-112.0,27.47690763052209,112.09258431631571,238.0,-132.0,105.03926000000001,53.536736,675.1709,-118.67615,91.23493,34.088584999999995,629.0458,-103.22399999999999,16.053553,103.41765600000001,202.53418,-122.47204599999999
146,609813,16116.0,261.0,102,23,24,84.89463983221086,59.97760795586463,279,-136,123.61398610076942,32.68021763911603,205.0,-73.0,97.51724137931036,52.88761932104226,168.0,-86.0,129.92712,62.359203,521.5381,-216.1753,107.065445,19.194344,188.40723,-34.049988,130.65831,41.927475,198.87097,-63.59259
147,316556,53594.0,163.0,69,29,7,135.74745068802991,78.71044836810451,545,-132,141.86880994141134,53.170985369507186,359.0,-81.0,91.96932515337423,68.86524792620165,231.0,-52.0,116.45961000000001,64.79845999999999,457.25037000000003,-128.5304,98.427635,27.177259999999997,322.30492999999996,-66.74805,86.64103,56.86005,181.27539,-67.18634
149,379434,8918.0,1270.0,72,13,16,139.02258890874302,65.01110181166885,297,-228,111.87228078044404,39.54426625850333,212.0,-42.0,83.88661417322834,77.50786433271183,234.0,-105.0,145.89873,53.013798,265.70056,-190.25048999999999,101.89180999999999,30.688292999999998,219.18896,-59.098755000000004,87.55699,69.457886,216.8031,-92.35419
150,690376,4979.0,,65,11,0,148.48994171292162,101.26445811773071,466,-163,151.68909419562158,57.90611400645136,319.0,-44.0,,,,,150.77173,88.16676,301.08582,-142.16382,149.7687,33.714024,237.57349,-16.989929999999998,,,,
151,431353,35706.0,55320.0,53,21,40,80.82743831618188,64.86627368022934,975,-246,19.905898168375064,26.82918317198356,208.0,-106.0,27.70929139551699,47.0069726109432,245.0,-241.0,80.39106,55.6181,858.2143599999999,-472.2674,20.000456,27.860245000000003,137.77844,-78.193726,29.793546999999997,44.421814000000005,165.8501,-490.57703
152,350154,128052.0,228.0,56,29,2,67.6530783598074,54.68386811562032,395,-133,87.11726486115015,44.450157013836176,267.0,-78.0,56.57894736842106,28.581184688361198,122.0,-40.0,82.79271999999999,50.846138,233.67358,-120.42223999999999,97.273315,32.506679999999996,186.99341,-64.11371,53.69521700000001,38.303996999999995,127.36388999999998,-73.16089000000001
154,245366,1762.0,1077.0,48,9,10,147.8573885542414,92.28825081359516,377,-136,141.86095346197501,88.83948761312915,323.0,-99.0,80.9489322191272,52.98532751189922,245.0,-2.0,151.92803999999998,87.77871999999999,306.23217999999997,-121.81280500000001,98.44422,56.279835,198.21277,-90.7746,121.07405,80.924515,272.42663999999996,5.2407227
157,947520,10720.0,141995.0,128,23,92,133.89327402060115,98.16373967379015,459,-299,150.47789179104478,40.490853445187284,272.0,-58.0,14.325546674178668,53.894051915367506,340.0,-324.0,139.99397,89.56578,379.5072,-251.71307000000002,108.617676,32.970383,250.22400000000002,-38.96118,18.139643,56.194897,279.33299999999997,-274.71454
159,222267,,78706.0,41,0,41,27.59788002717453,58.1039925740329,266,-993,,,,,32.07700810611643,52.4138643519061,203.0,-116.0,32.055405,50.166603,232.57433999999998,-985.2131,,,,,33.943863,42.456436,131.14844,-97.77691999999999
